"Date","Price","Open","High","Low","Vol.","Change %"
"04/03/2026","66,760.0","66,879.0","67,264.0","66,252.0","0.66K","-0.19%"
"04/02/2026","66,886.0","68,051.0","68,603.0","65,732.0","1.07K","-1.75%"
"04/01/2026","68,074.0","68,249.0","69,241.0","67,564.0","0.97K","-0.27%"
"03/31/2026","68,257.0","66,770.0","68,562.0","65,960.0","1.74K","2.27%"
"03/30/2026","66,740.0","66,015.0","68,100.0","65,800.0","2.14K","1.12%"
"03/29/2026","66,001.0","66,371.0","67,082.0","65,050.0","1.34K","-0.56%"
"03/28/2026","66,374.0","66,395.0","67,271.0","65,922.0","1.01K","-0.03%"
"03/27/2026","66,395.0","68,822.0","69,149.0","65,567.0","2.26K","-3.53%"
"03/26/2026","68,822.0","71,312.0","71,398.0","68,152.0","1.69K","-3.49%"
"03/25/2026","71,312.0","70,564.0","71,457.0","70,415.0","0.51K","1.07%"
"03/24/2026","70,557.0","70,911.0","71,370.0","68,952.0","1.50K","-0.50%"
"03/23/2026","70,912.0","67,881.0","71,765.0","67,470.0","2.45K","4.44%"
"03/22/2026","67,900.0","68,919.0","69,599.0","67,368.0","1.53K","-1.44%"
"03/21/2026","68,892.0","70,537.0","71,046.0","68,637.0","0.68K","-2.34%"
"03/20/2026","70,545.0","69,956.0","71,365.0","69,436.0","1.38K","0.88%"
"03/19/2026","69,932.0","71,240.0","71,581.0","68,823.0","1.48K","-1.84%"
"03/18/2026","71,240.0","73,850.0","74,650.0","70,489.0","1.31K","-3.58%"
"03/17/2026","73,884.0","74,871.0","75,977.0","73,442.0","1.51K","-1.29%"
"03/16/2026","74,850.0","72,801.0","74,899.0","72,268.0","2.40K","2.80%"
"03/15/2026","72,813.0","71,207.0","73,193.0","70,861.0","1.13K","2.30%"
"03/14/2026","71,178.0","70,917.0","71,281.0","70,358.0","0.75K","0.36%"
"03/13/2026","70,920.0","70,472.0","73,895.0","70,422.0","2.39K","0.59%"
"03/12/2026","70,505.0","70,224.0","70,821.0","69,231.0","1.41K","0.40%"
"03/11/2026","70,224.0","69,975.0","71,340.0","69,000.0","1.39K","0.39%"
"03/10/2026","69,953.0","68,461.0","71,777.0","68,428.0","2.21K","2.17%"
"03/09/2026","68,469.0","65,952.0","69,477.0","65,860.0","2.30K","3.77%"
"03/08/2026","65,981.0","67,234.0","68,191.0","65,622.0","1.66K","-1.87%"
"03/07/2026","67,235.0","68,149.0","68,519.0","67,002.0","1.00K","-1.29%"
"03/06/2026","68,111.0","70,864.0","71,364.0","67,755.0","2.54K","-3.92%"
"03/05/2026","70,887.0","72,680.0","73,566.0","70,644.0","4.32K","-2.59%"
"03/04/2026","72,770.0","68,362.0","74,022.0","67,450.0","5.53K","6.57%"
"03/03/2026","68,283.0","68,830.0","69,249.0","66,290.0","3.88K","-0.78%"
"03/02/2026","68,822.0","65,810.0","70,042.0","65,339.0","5.92K","4.61%"
"03/01/2026","65,792.0","67,060.0","68,252.0","65,099.0","3.87K","-1.87%"
"02/28/2026","67,047.0","65,945.0","67,734.0","63,144.0","5.53K","1.69%"
"02/27/2026","65,930.0","67,552.0","68,280.0","65,078.0","3.90K","-2.38%"
"02/26/2026","67,540.0","68,056.0","68,929.0","66,593.0","4.45K","-0.77%"
"02/25/2026","68,067.0","64,102.0","69,975.0","63,990.0","6.51K","6.19%"
"02/24/2026","64,102.0","64,750.0","65,087.0","62,727.0","4.82K","-0.99%"
"02/23/2026","64,744.0","67,707.0","67,740.0","63,970.0","5.53K","-4.37%"
"02/22/2026","67,700.0","68,050.0","68,270.0","67,290.0","1.27K","-0.52%"
"02/21/2026","68,051.0","68,090.0","68,729.0","67,613.0","1.12K","-0.06%"
"02/20/2026","68,091.0","67,067.0","68,383.0","66,604.0","3.02K","1.53%"
"02/19/2026","67,067.0","66,562.0","67,390.0","65,740.0","2.52K","0.74%"
"02/18/2026","66,572.0","67,565.0","68,561.0","65,958.0","2.62K","-1.48%"
"02/17/2026","67,573.0","68,961.0","69,260.0","66,752.0","1.62K","-2.04%"
"02/16/2026","68,978.0","68,876.0","70,167.0","67,384.0","1.77K","0.14%"
"02/15/2026","68,879.0","69,807.0","71,007.0","68,131.0","1.56K","-1.35%"
"02/14/2026","69,825.0","68,938.0","70,547.0","68,747.0","1.35K","1.30%"
"02/13/2026","68,928.0","66,347.0","69,488.0","65,966.0","1.76K","3.88%"
"02/12/2026","66,355.0","67,156.0","68,456.0","65,215.0","2.09K","-1.16%"
"02/11/2026","67,132.0","68,873.0","69,352.0","65,840.0","2.17K","-2.53%"
"02/10/2026","68,873.0","70,166.0","70,541.0","67,975.0","1.89K","-1.84%"
"02/09/2026","70,166.0","70,381.0","71,494.0","68,400.0","2.63K","-0.31%"
"02/08/2026","70,381.0","69,389.0","72,255.0","68,966.0","1.50K","1.43%"
"02/07/2026","69,389.0","70,639.0","71,668.0","67,465.0","1.96K","-1.76%"
"02/06/2026","70,634.0","62,995.0","71,800.0","60,246.0","3.54K","12.22%"
"02/05/2026","62,940.0","73,280.0","73,426.0","62,590.0","4.25K","-14.11%"
"02/04/2026","73,280.0","75,892.0","77,054.0","72,149.0","3.00K","-3.44%"
"02/03/2026","75,892.0","78,848.0","79,276.0","73,104.0","2.49K","-3.75%"
"02/02/2026","78,848.0","77,030.0","79,397.0","75,090.0","4.28K","2.38%"
"02/01/2026","77,013.0","78,816.0","79,453.0","75,875.0","2.47K","-2.29%"
"01/31/2026","78,816.0","84,232.0","84,241.0","76,099.0","1.95K","-6.43%"
"01/30/2026","84,230.0","84,719.0","84,750.0","81,179.0","2.29K","-0.58%"
"01/29/2026","84,719.0","89,296.0","89,320.0","83,307.0","2.38K","-5.11%"
"01/28/2026","89,285.0","89,242.0","90,560.0","88,836.0","0.95K","0.04%"
"01/27/2026","89,253.0","88,451.0","89,561.0","87,383.0","1.14K","0.86%"
"01/26/2026","88,495.0","86,628.0","88,895.0","86,509.0","1.63K","2.16%"
"01/25/2026","86,628.0","89,182.0","89,291.0","86,074.0","1.78K","-2.88%"
"01/24/2026","89,200.0","89,615.0","89,960.0","89,155.0","0.85K","-0.48%"
"01/23/2026","89,629.0","89,578.0","91,205.0","88,607.0","1.73K","0.06%"
"01/22/2026","89,578.0","89,496.0","90,395.0","88,566.0","1.16K","0.10%"
"01/21/2026","89,490.0","88,431.0","90,518.0","87,316.0","1.83K","1.20%"
"01/20/2026","88,431.0","92,596.0","92,857.0","87,921.0","1.56K","-4.51%"
"01/19/2026","92,607.0","93,677.0","93,677.0","92,000.0","1.22K","-1.14%"
"01/18/2026","93,677.0","95,089.0","95,515.0","93,601.0","0.66K","-1.51%"
"01/17/2026","95,114.0","95,491.0","95,610.0","94,978.0","0.44K","-0.41%"
"01/16/2026","95,510.0","95,509.0","95,758.0","94,228.0","1.22K","0.00%"
"01/15/2026","95,509.0","96,804.0","97,113.0","95,057.0","1.77K","-1.34%"
"01/14/2026","96,804.0","95,245.0","97,787.0","94,505.0","2.57K","1.60%"
"01/13/2026","95,281.0","91,239.0","95,953.0","90,988.0","2.03K","4.43%"
"01/12/2026","91,239.0","90,915.0","92,478.0","90,092.0","1.12K","0.34%"
"01/11/2026","90,927.0","90,525.0","91,221.0","90,225.0","0.25K","0.45%"
"01/10/2026","90,519.0","90,630.0","90,833.0","90,386.0","0.11K","-0.12%"
"01/09/2026","90,630.0","91,089.0","91,976.0","89,693.0","0.84K","-0.50%"
"01/08/2026","91,086.0","91,349.0","91,541.0","89,340.0","0.78K","-0.29%"
"01/07/2026","91,349.0","93,612.0","93,612.0","90,651.0","1.05K","-2.42%"
"01/06/2026","93,612.0","93,744.0","94,280.0","91,233.0","1.84K","-0.14%"
"01/05/2026","93,744.0","91,483.0","94,615.0","91,423.0","1.46K","2.49%"
"01/04/2026","91,468.0","90,595.0","91,712.0","90,593.0","0.96K","0.95%"
"01/03/2026","90,604.0","90,029.0","90,688.0","89,330.0","0.47K","0.68%"
"01/02/2026","89,993.0","88,876.0","90,942.0","88,442.0","1.05K","1.26%"
"01/01/2026","88,876.0","87,720.0","88,944.0","87,593.0","0.30K","1.33%"
"12/31/2025","87,711.0","88,556.0","89,207.0","87,330.0","0.72K","-0.95%"
"12/30/2025","88,556.0","87,240.0","89,430.0","86,830.0","1.28K","1.51%"
"12/29/2025","87,241.0","87,987.0","90,387.0","86,865.0","1.43K","-0.84%"
"12/28/2025","87,976.0","87,945.0","88,096.0","87,530.0","0.31K","0.04%"
"12/27/2025","87,945.0","87,465.0","88,035.0","87,336.0","0.26K","0.55%"
"12/26/2025","87,465.0","87,285.0","89,556.0","86,704.0","1.39K","0.21%"
"12/25/2025","87,279.0","87,692.0","88,575.0","87,000.0","0.42K","-0.47%"
"12/24/2025","87,692.0","87,493.0","88,060.0","86,495.0","1.00K","0.20%"
"12/23/2025","87,514.0","88,622.0","88,982.0","86,720.0","1.29K","-1.23%"
"12/22/2025","88,607.0","88,715.0","90,485.0","87,982.0","1.46K","-0.12%"
"12/21/2025","88,715.0","88,463.0","89,153.0","87,739.0","0.62K","0.28%"
"12/20/2025","88,463.0","88,241.0","88,690.0","87,981.0","0.45K","0.25%"
"12/19/2025","88,241.0","85,665.0","89,458.0","85,275.0","1.64K","3.00%"
"12/18/2025","85,670.0","86,409.0","89,443.0","84,604.0","2.22K","-0.86%"
"12/17/2025","86,409.0","87,950.0","90,427.0","85,438.0","1.97K","-1.75%"
"12/16/2025","87,950.0","86,535.0","88,262.0","85,407.0","0.45K","1.64%"
"12/15/2025","86,535.0","88,181.0","90,010.0","85,304.0","0.86K","-1.87%"
"12/14/2025","88,181.0","90,321.0","90,530.0","87,679.0","0.32K","-2.38%"
"12/13/2025","90,327.0","90,325.0","90,671.0","89,887.0","0.05K","0.03%"
"12/12/2025","90,302.0","92,514.0","92,750.0","89,591.0","0.32K","-2.39%"
"12/11/2025","92,514.0","92,023.0","93,519.0","89,301.0","0.74K","0.53%"
"12/10/2025","92,023.0","92,760.0","94,458.0","91,632.0","0.60K","-0.79%"
"12/09/2025","92,760.0","90,668.0","94,638.0","89,626.0","0.99K","2.31%"
"12/08/2025","90,668.0","90,500.0","92,267.0","89,701.0","0.51K","0.19%"
"12/07/2025","90,500.0","89,273.0","91,754.0","87,878.0","0.65K","1.37%"
"12/06/2025","89,276.0","89,379.0","90,263.0","89,000.0","0.15K","-0.13%"
"12/05/2025","89,390.0","92,135.0","92,738.0","88,197.0","0.45K","-2.98%"
"12/04/2025","92,135.0","93,457.0","94,100.0","91,000.0","0.51K","-1.41%"
"12/03/2025","93,457.0","91,380.0","94,080.0","91,075.0","0.96K","2.27%"
"12/02/2025","91,381.0","86,473.0","92,331.0","86,333.0","0.99K","5.68%"
"12/01/2025","86,473.0","90,413.0","90,452.0","84,007.0","1.94K","-4.36%"
"11/30/2025","90,413.0","90,934.0","92,000.0","90,413.0","0.16K","-0.57%"
"11/29/2025","90,934.0","91,023.0","91,250.0","90,323.0","0.06K","-0.11%"
"11/28/2025","91,030.0","91,385.0","93,000.0","90,326.0","0.61K","-0.39%"
"11/27/2025","91,385.0","90,585.0","91,990.0","90,188.0","0.37K","0.88%"
"11/26/2025","90,585.0","87,514.0","90,684.0","86,500.0","0.97K","3.50%"
"11/25/2025","87,519.0","88,471.0","88,602.0","86,300.0","0.89K","-1.08%"
"11/24/2025","88,471.0","87,008.0","89,348.0","85,500.0","1.40K","1.66%"
"11/23/2025","87,028.0","84,889.0","88,289.0","84,835.0","1.41K","2.52%"
"11/22/2025","84,890.0","85,355.0","85,766.0","83,680.0","0.49K","-0.54%"
"11/21/2025","85,355.0","86,803.0","87,647.0","80,843.0","2.98K","-1.63%"
"11/20/2025","86,773.0","91,648.0","93,125.0","86,260.0","2.06K","-5.32%"
"11/19/2025","91,648.0","93,186.0","93,193.0","88,888.0","2.96K","-1.67%"
"11/18/2025","93,200.0","92,553.0","93,989.0","89,635.0","3.19K","0.70%"
"11/17/2025","92,553.0","94,601.0","96,157.0","91,762.0","3.38K","-2.16%"
"11/16/2025","94,601.0","95,672.0","96,711.0","93,673.0","2.55K","-1.12%"
"11/15/2025","95,672.0","94,750.0","96,930.0","94,750.0","0.51K","0.97%"
"11/14/2025","94,750.0","99,839.0","99,920.0","94,469.0","4.80K","-5.11%"
"11/13/2025","99,855.0","101,750.0","104,000.0","98,138.0","1.66K","-1.86%"
"11/12/2025","101,750.0","103,190.0","105,340.0","100,880.0","1.19K","-1.40%"
"11/11/2025","103,190.0","106,010.0","107,500.0","102,660.0","0.98K","-2.66%"
"11/10/2025","106,010.0","104,780.0","106,610.0","104,360.0","0.60K","1.17%"
"11/09/2025","104,780.0","102,480.0","105,470.0","101,640.0","0.67K","2.24%"
"11/08/2025","102,480.0","103,390.0","103,390.0","101,630.0","0.68K","-0.88%"
"11/07/2025","103,390.0","101,400.0","104,100.0","99,459.0","1.50K","1.96%"
"11/06/2025","101,400.0","103,940.0","104,300.0","100,460.0","1.00K","-2.44%"
"11/05/2025","103,940.0","101,560.0","104,580.0","99,129.0","0.82K","2.27%"
"11/04/2025","101,630.0","106,790.0","107,460.0","99,092.0","2.30K","-4.81%"
"11/03/2025","106,770.0","110,710.0","110,850.0","105,500.0","1.89K","-3.57%"
"11/02/2025","110,720.0","110,290.0","111,360.0","109,650.0","0.24K","0.39%"
"11/01/2025","110,290.0","109,820.0","110,750.0","109,600.0","0.54K","0.43%"
"10/31/2025","109,820.0","108,500.0","111,270.0","108,490.0","1.03K","1.22%"
"10/30/2025","108,500.0","110,240.0","111,720.0","106,510.0","2.02K","-1.59%"
"10/29/2025","110,250.0","112,980.0","113,770.0","109,710.0","1.06K","-2.43%"
"10/28/2025","113,000.0","114,150.0","116,000.0","112,310.0","0.55K","-1.01%"
"10/27/2025","114,150.0","114,500.0","116,230.0","113,800.0","0.37K","-0.27%"
"10/26/2025","114,460.0","111,650.0","115,070.0","111,260.0","0.45K","2.52%"
"10/25/2025","111,650.0","111,110.0","111,960.0","110,810.0","0.15K","0.49%"
"10/24/2025","111,110.0","110,150.0","111,970.0","109,780.0","0.73K","0.87%"
"10/23/2025","110,150.0","107,720.0","111,270.0","107,570.0","0.76K","2.26%"
"10/22/2025","107,720.0","108,520.0","109,070.0","106,790.0","1.35K","-0.82%"
"10/21/2025","108,610.0","110,760.0","114,150.0","107,700.0","1.38K","-1.94%"
"10/20/2025","110,760.0","108,840.0","111,850.0","107,690.0","0.87K","1.76%"
"10/19/2025","108,840.0","107,410.0","109,680.0","106,370.0","0.96K","1.33%"
"10/18/2025","107,410.0","106,690.0","107,710.0","106,660.0","0.66K","0.67%"
"10/17/2025","106,700.0","108,410.0","109,480.0","103,790.0","1.75K","-1.57%"
"10/16/2025","108,400.0","110,920.0","112,140.0","107,710.0","1.67K","-2.27%"
"10/15/2025","110,920.0","113,270.0","113,820.0","110,410.0","1.01K","-2.07%"
"10/14/2025","113,270.0","115,390.0","115,630.0","110,170.0","2.42K","-1.84%"
"10/13/2025","115,390.0","115,230.0","116,120.0","113,960.0","1.11K","0.14%"
"10/12/2025","115,230.0","110,990.0","115,960.0","109,910.0","1.19K","3.83%"
"10/11/2025","110,980.0","112,830.0","113,720.0","109,830.0","1.38K","-1.94%"
"10/10/2025","113,170.0","121,760.0","122,660.0","104,920.0","2.48K","-7.05%"
"10/09/2025","121,760.0","123,410.0","123,750.0","119,810.0","0.56K","-1.34%"
"10/08/2025","123,410.0","121,480.0","124,220.0","121,270.0","0.43K","1.59%"
"10/07/2025","121,480.0","124,730.0","125,070.0","120,680.0","0.65K","-2.60%"
"10/06/2025","124,720.0","123,480.0","126,110.0","123,170.0","0.88K","1.00%"
"10/05/2025","123,480.0","122,350.0","125,660.0","122,130.0","0.91K","0.92%"
"10/04/2025","122,350.0","122,160.0","122,760.0","121,560.0","0.26K","0.16%"
"10/03/2025","122,160.0","120,570.0","123,890.0","119,340.0","0.73K","1.32%"
"10/02/2025","120,570.0","118,630.0","121,080.0","118,400.0","0.58K","1.60%"
"10/01/2025","118,670.0","114,020.0","118,810.0","113,950.0","0.84K","4.08%"
"09/30/2025","114,020.0","114,580.0","114,990.0","112,900.0","0.50K","-0.49%"
"09/29/2025","114,580.0","112,370.0","114,640.0","111,850.0","0.45K","1.97%"
"09/28/2025","112,370.0","109,940.0","112,620.0","109,500.0","0.93K","2.21%"
"09/27/2025","109,940.0","109,930.0","110,010.0","109,400.0","0.87K","0.01%"
"09/26/2025","109,930.0","109,180.0","110,520.0","108,940.0","1.31K","0.69%"
"09/25/2025","109,180.0","113,520.0","113,710.0","108,880.0","1.07K","-3.82%"
"09/24/2025","113,520.0","112,250.0","114,130.0","111,450.0","0.34K","1.13%"
"09/23/2025","112,250.0","112,810.0","113,490.0","111,710.0","0.58K","-0.50%"
"09/22/2025","112,810.0","115,460.0","115,550.0","112,100.0","1.20K","-2.30%"
"09/21/2025","115,460.0","115,840.0","115,970.0","115,440.0","0.19K","-0.33%"
"09/20/2025","115,840.0","115,830.0","116,300.0","115,620.0","0.02K","0.01%"
"09/19/2025","115,830.0","117,090.0","117,470.0","115,370.0","0.61K","-1.08%"
"09/18/2025","117,090.0","116,500.0","117,950.0","116,210.0","0.18K","0.51%"
"09/17/2025","116,500.0","116,840.0","117,360.0","114,880.0","0.17K","-0.29%"
"09/16/2025","116,840.0","115,580.0","117,080.0","114,910.0","0.26K","1.09%"
"09/15/2025","115,580.0","115,590.0","116,960.0","114,630.0","0.53K","-0.01%"
"09/14/2025","115,590.0","115,910.0","116,130.0","115,230.0","0.36K","-0.28%"
"09/13/2025","115,910.0","116,030.0","116,200.0","115,160.0","0.10K","-0.10%"
"09/12/2025","116,030.0","115,400.0","116,610.0","114,690.0","0.15K","0.55%"
"09/11/2025","115,400.0","113,900.0","115,400.0","113,420.0","0.20K","1.32%"
"09/10/2025","113,900.0","111,540.0","114,290.0","111,170.0","0.44K","2.12%"
"09/09/2025","111,540.0","112,050.0","113,190.0","110,750.0","0.16K","-0.46%"
"09/08/2025","112,050.0","111,220.0","112,830.0","110,740.0","0.17K","0.75%"
"09/07/2025","111,220.0","110,270.0","111,610.0","110,230.0","0.21K","0.90%"
"09/06/2025","110,230.0","110,600.0","111,190.0","110,220.0","0.87K","-0.33%"
"09/05/2025","110,600.0","110,880.0","113,520.0","110,410.0","0.28K","-0.25%"
"09/04/2025","110,880.0","111,890.0","112,330.0","109,520.0","0.21K","-0.90%"
"09/03/2025","111,890.0","111,360.0","112,710.0","110,750.0","0.11K","0.48%"
"09/02/2025","111,350.0","109,410.0","111,930.0","108,630.0","0.43K","1.77%"
"09/01/2025","109,410.0","108,420.0","110,010.0","107,380.0","0.47K","0.95%"
"08/31/2025","108,380.0","109,000.0","109,680.0","108,250.0","0.39K","-0.57%"
"08/30/2025","109,000.0","108,530.0","109,120.0","107,550.0","0.51K","0.43%"
"08/29/2025","108,530.0","112,740.0","112,780.0","107,660.0","0.63K","-3.73%"
"08/28/2025","112,740.0","111,470.0","113,630.0","111,130.0","0.25K","1.14%"
"08/27/2025","111,470.0","112,000.0","112,830.0","110,600.0","0.40K","-0.47%"
"08/26/2025","112,000.0","110,360.0","112,570.0","108,960.0","0.54K","1.48%"
"08/25/2025","110,370.0","113,700.0","113,880.0","109,550.0","0.92K","-2.93%"
"08/24/2025","113,700.0","115,570.0","115,810.0","111,420.0","0.47K","-1.62%"
"08/23/2025","115,570.0","117,000.0","117,150.0","114,790.0","0.16K","-1.22%"
"08/22/2025","117,000.0","112,740.0","117,560.0","111,990.0","0.80K","3.78%"
"08/21/2025","112,740.0","114,500.0","115,000.0","112,310.0","0.79K","-1.54%"
"08/20/2025","114,500.0","113,030.0","114,880.0","112,650.0","0.73K","1.30%"
"08/19/2025","113,030.0","116,390.0","116,920.0","113,000.0","1.60K","-2.89%"
"08/18/2025","116,390.0","117,540.0","117,640.0","114,890.0","0.72K","-0.98%"
"08/17/2025","117,540.0","117,590.0","118,680.0","117,390.0","0.13K","-0.04%"
"08/16/2025","117,590.0","117,520.0","118,060.0","117,390.0","0.09K","0.06%"
"08/15/2025","117,520.0","118,410.0","119,360.0","116,990.0","0.27K","-0.75%"
"08/14/2025","118,410.0","122,880.0","123,640.0","117,200.0","0.40K","-3.64%"
"08/13/2025","122,880.0","120,080.0","123,380.0","118,890.0","0.61K","2.31%"
"08/12/2025","120,110.0","118,850.0","120,280.0","118,290.0","0.22K","1.06%"
"08/11/2025","118,850.0","119,370.0","122,370.0","118,380.0","0.34K","-0.44%"
"08/10/2025","119,370.0","116,550.0","119,410.0","116,530.0","0.21K","2.42%"
"08/09/2025","116,550.0","116,790.0","117,940.0","116,470.0","0.09K","-0.21%"
"08/08/2025","116,790.0","117,580.0","117,890.0","116,040.0","0.76K","-0.67%"
"08/07/2025","117,580.0","115,220.0","117,780.0","114,470.0","0.32K","2.10%"
"08/06/2025","115,160.0","114,200.0","115,870.0","113,470.0","0.50K","0.84%"
"08/05/2025","114,200.0","115,200.0","115,200.0","112,740.0","0.48K","-0.87%"
"08/04/2025","115,200.0","114,370.0","115,800.0","114,270.0","0.38K","0.72%"
"08/03/2025","114,380.0","112,810.0","114,970.0","112,210.0","0.57K","1.39%"
"08/02/2025","112,810.0","113,460.0","114,260.0","112,250.0","0.47K","-0.61%"
"08/01/2025","113,500.0","115,970.0","116,270.0","112,840.0","0.88K","-2.13%"
"07/31/2025","115,970.0","118,050.0","119,100.0","115,730.0","0.46K","-1.76%"
"07/30/2025","118,050.0","118,110.0","118,930.0","116,050.0","0.45K","-0.05%"
"07/29/2025","118,110.0","118,200.0","119,410.0","117,130.0","0.40K","-0.06%"
"07/28/2025","118,180.0","119,590.0","119,900.0","117,630.0","0.29K","-1.18%"
"07/27/2025","119,590.0","118,030.0","119,870.0","117,960.0","0.18K","1.32%"
"07/26/2025","118,030.0","117,700.0","118,430.0","117,260.0","0.10K","0.28%"
"07/25/2025","117,700.0","118,380.0","118,520.0","114,820.0","0.37K","-0.57%"
"07/24/2025","118,380.0","118,900.0","119,590.0","117,260.0","0.22K","-0.44%"
"07/23/2025","118,900.0","119,970.0","120,110.0","117,470.0","0.47K","-0.89%"
"07/22/2025","119,970.0","117,460.0","120,250.0","116,160.0","0.33K","2.14%"
"07/21/2025","117,460.0","117,240.0","119,630.0","116,550.0","0.26K","0.19%"
"07/20/2025","117,240.0","117,900.0","118,790.0","116,480.0","0.16K","-0.56%"
"07/19/2025","117,900.0","118,000.0","118,480.0","117,300.0","0.05K","-0.08%"
"07/18/2025","118,000.0","119,250.0","120,920.0","116,930.0","0.24K","-1.05%"
"07/17/2025","119,250.0","118,680.0","121,050.0","117,500.0","0.40K","0.45%"
"07/16/2025","118,710.0","117,830.0","120,080.0","117,180.0","0.22K","0.75%"
"07/15/2025","117,830.0","119,840.0","119,920.0","115,860.0","0.65K","-1.68%"
"07/14/2025","119,840.0","118,940.0","123,010.0","118,790.0","0.46K","0.76%"
"07/13/2025","118,940.0","117,280.0","119,290.0","117,140.0","0.23K","1.42%"
"07/12/2025","117,280.0","117,400.0","118,070.0","116,720.0","0.06K","-0.11%"
"07/11/2025","117,410.0","115,960.0","118,760.0","115,230.0","0.40K","1.26%"
"07/10/2025","115,950.0","111,380.0","117,210.0","110,730.0","1.64K","4.10%"
"07/09/2025","111,380.0","109,060.0","111,990.0","108,480.0","0.40K","2.13%"
"07/08/2025","109,060.0","108,420.0","109,340.0","107,640.0","0.20K","0.59%"
"07/07/2025","108,420.0","109,380.0","109,820.0","107,700.0","0.16K","-0.88%"
"07/06/2025","109,380.0","108,330.0","109,860.0","107,980.0","0.15K","0.97%"
"07/05/2025","108,330.0","108,200.0","108,540.0","107,930.0","0.04K","0.12%"
"07/04/2025","108,200.0","109,760.0","109,910.0","107,470.0","0.19K","-1.42%"
"07/03/2025","109,760.0","108,990.0","110,700.0","108,720.0","0.16K","0.72%"
"07/02/2025","108,980.0","105,920.0","109,900.0","105,350.0","0.33K","2.89%"
"07/01/2025","105,920.0","107,250.0","107,620.0","105,460.0","1.32K","-1.24%"
"06/30/2025","107,250.0","108,370.0","108,790.0","106,950.0","0.61K","-1.03%"
"06/29/2025","108,370.0","107,340.0","108,540.0","107,220.0","0.08K","0.96%"
"06/28/2025","107,340.0","107,100.0","107,550.0","106,890.0","0.12K","0.22%"
"06/27/2025","107,100.0","106,950.0","107,750.0","106,470.0","0.15K","0.14%"
"06/26/2025","106,950.0","107,340.0","108,250.0","106,520.0","0.13K","-0.36%"
"06/25/2025","107,340.0","106,100.0","108,120.0","105,930.0","0.16K","1.23%"
"06/24/2025","106,040.0","105,530.0","106,340.0","104,810.0","0.20K","0.49%"
"06/23/2025","105,520.0","101,200.0","106,200.0","99,897.0","1.03K","4.27%"
"06/22/2025","101,200.0","102,220.0","103,420.0","98,594.0","2.16K","-0.98%"
"06/21/2025","102,200.0","103,380.0","104,120.0","101,040.0","0.74K","-1.14%"
"06/20/2025","103,380.0","104,780.0","106,580.0","102,500.0","0.73K","-1.34%"
"06/19/2025","104,780.0","105,040.0","105,340.0","104,080.0","0.48K","-0.25%"
"06/18/2025","105,040.0","104,740.0","105,660.0","103,640.0","1.06K","0.26%"
"06/17/2025","104,770.0","106,800.0","107,780.0","103,460.0","0.77K","-1.90%"
"06/16/2025","106,800.0","105,740.0","108,960.0","105,190.0","0.29K","1.00%"
"06/15/2025","105,740.0","105,600.0","106,260.0","104,710.0","0.36K","0.13%"
"06/14/2025","105,600.0","106,090.0","106,200.0","104,480.0","0.34K","-0.46%"
"06/13/2025","106,090.0","105,720.0","106,180.0","102,730.0","0.65K","0.29%"
"06/12/2025","105,780.0","108,610.0","108,740.0","105,740.0","0.31K","-2.61%"
"06/11/2025","108,610.0","110,180.0","110,270.0","108,010.0","0.39K","-1.42%"
"06/10/2025","110,180.0","110,300.0","110,320.0","108,320.0","0.31K","-0.11%"
"06/09/2025","110,300.0","105,830.0","110,680.0","105,440.0","0.35K","4.22%"
"06/08/2025","105,830.0","105,680.0","106,530.0","105,060.0","0.11K","0.14%"
"06/07/2025","105,680.0","104,450.0","106,000.0","104,050.0","0.11K","1.18%"
"06/06/2025","104,450.0","101,680.0","105,400.0","101,270.0","0.57K","2.73%"
"06/05/2025","101,670.0","104,580.0","105,860.0","100,530.0","1.93K","-2.78%"
"06/04/2025","104,580.0","105,400.0","105,920.0","104,250.0","0.22K","-0.78%"
"06/03/2025","105,400.0","105,880.0","106,760.0","104,880.0","0.32K","-0.45%"
"06/02/2025","105,880.0","105,630.0","105,990.0","103,720.0","0.34K","0.25%"
"06/01/2025","105,620.0","104,660.0","105,850.0","103,810.0","0.14K","0.92%"
"05/31/2025","104,660.0","104,030.0","104,940.0","103,110.0","0.19K","0.61%"
"05/30/2025","104,030.0","105,590.0","106,260.0","103,470.0","0.47K","-1.47%"
"05/29/2025","105,580.0","107,760.0","108,870.0","105,350.0","0.96K","-2.02%"
"05/28/2025","107,760.0","108,850.0","109,200.0","106,750.0","0.73K","-1.00%"
"05/27/2025","108,850.0","109,390.0","110,700.0","107,610.0","0.72K","-0.49%"
"05/26/2025","109,390.0","108,890.0","110,400.0","108,550.0","0.80K","0.46%"
"05/25/2025","108,890.0","107,540.0","109,170.0","106,450.0","0.43K","1.26%"
"05/24/2025","107,540.0","107,210.0","109,420.0","106,770.0","0.86K","0.31%"
"05/23/2025","107,210.0","111,640.0","111,690.0","106,720.0","0.92K","-3.97%"
"05/22/2025","111,640.0","109,640.0","111,880.0","109,230.0","0.79K","1.83%"
"05/21/2025","109,630.0","106,730.0","110,660.0","106,020.0","0.89K","2.74%"
"05/20/2025","106,710.0","105,500.0","107,220.0","104,140.0","0.72K","1.15%"
"05/19/2025","105,500.0","106,510.0","107,020.0","102,080.0","0.66K","-0.95%"
"05/18/2025","106,510.0","103,140.0","106,580.0","103,140.0","0.51K","3.27%"
"05/17/2025","103,140.0","103,450.0","103,670.0","102,630.0","0.18K","-0.30%"
"05/16/2025","103,450.0","103,700.0","104,510.0","103,110.0","0.19K","-0.24%"
"05/15/2025","103,700.0","103,550.0","104,160.0","101,440.0","0.35K","0.14%"
"05/14/2025","103,550.0","104,160.0","104,300.0","102,590.0","0.21K","-0.59%"
"05/13/2025","104,160.0","102,860.0","104,980.0","101,500.0","0.37K","1.26%"
"05/12/2025","102,860.0","104,090.0","105,660.0","100,870.0","0.76K","-1.18%"
"05/11/2025","104,090.0","104,780.0","104,880.0","103,320.0","0.67K","-0.56%"
"05/10/2025","104,680.0","102,940.0","104,920.0","102,800.0","0.68K","1.69%"
"05/09/2025","102,940.0","103,290.0","104,330.0","102,360.0","0.79K","-0.30%"
"05/08/2025","103,250.0","97,121.0","103,850.0","96,980.0","1.29K","6.31%"
"05/07/2025","97,119.0","96,933.0","97,840.0","95,944.0","0.46K","0.19%"
"05/06/2025","96,933.0","94,990.0","96,999.0","93,664.0","0.61K","2.05%"
"05/05/2025","94,990.0","94,704.0","95,407.0","93,988.0","2.41K","0.30%"
"05/04/2025","94,704.0","96,065.0","96,439.0","94,703.0","2.94K","-1.42%"
"05/03/2025","96,065.0","96,887.0","96,945.0","96,065.0","1.06K","-0.85%"
"05/02/2025","96,887.0","96,467.0","97,915.0","96,381.0","0.36K","0.44%"
"05/01/2025","96,467.0","94,309.0","97,474.0","94,294.0","0.53K","2.29%"
"04/30/2025","94,309.0","94,451.0","95,285.0","93,439.0","1.14K","-0.15%"
"04/29/2025","94,451.0","95,046.0","95,531.0","94,012.0","0.50K","-0.63%"
"04/28/2025","95,046.0","93,784.0","95,550.0","93,033.0","1.34K","1.35%"
"04/27/2025","93,784.0","94,693.0","95,369.0","93,738.0","0.40K","-0.96%"
"04/26/2025","94,693.0","94,707.0","95,228.0","94,083.0","0.31K","-0.01%"
"04/25/2025","94,702.0","93,940.0","95,800.0","92,921.0","0.71K","0.81%"
"04/24/2025","93,940.0","93,639.0","94,000.0","91,760.0","0.34K","0.32%"
"04/23/2025","93,639.0","93,303.0","94,415.0","91,919.0","1.30K","0.36%"
"04/22/2025","93,303.0","87,473.0","93,821.0","87,061.0","1.04K","6.66%"
"04/21/2025","87,473.0","85,019.0","88,345.0","84,940.0","0.92K","2.89%"
"04/20/2025","85,019.0","84,931.0","85,187.0","83,817.0","0.28K","0.10%"
"04/19/2025","84,934.0","84,363.0","85,522.0","84,311.0","0.35K","0.68%"
"04/18/2025","84,363.0","84,827.0","85,009.0","84,233.0","0.53K","-0.55%"
"04/17/2025","84,827.0","84,021.0","85,378.0","83,678.0","0.65K","0.96%"
"04/16/2025","84,021.0","83,667.0","85,451.0","83,112.0","0.34K","0.42%"
"04/15/2025","83,667.0","84,544.0","86,446.0","83,604.0","0.22K","-1.04%"
"04/14/2025","84,544.0","83,676.0","85,727.0","83,676.0","0.18K","1.03%"
"04/13/2025","83,683.0","85,259.0","85,911.0","83,006.0","0.29K","-1.85%"
"04/12/2025","85,259.0","83,372.0","85,832.0","82,762.0","0.19K","2.26%"
"04/11/2025","83,372.0","79,519.0","84,232.0","78,915.0","0.43K","4.80%"
"04/10/2025","79,553.0","82,542.0","82,699.0","78,499.0","0.81K","-3.62%"
"04/09/2025","82,542.0","76,332.0","83,582.0","74,636.0","1.88K","8.14%"
"04/08/2025","76,332.0","79,161.0","80,901.0","76,260.0","0.76K","-3.60%"
"04/07/2025","79,181.0","78,441.0","81,100.0","74,508.0","2.30K","0.94%"
"04/06/2025","78,441.0","83,598.0","83,807.0","77,178.0","1.33K","-6.17%"
"04/05/2025","83,598.0","83,841.0","84,219.0","82,425.0","0.50K","-0.29%"
"04/04/2025","83,841.0","83,191.0","84,695.0","81,634.0","0.75K","0.78%"
"04/03/2025","83,191.0","82,517.0","83,890.0","81,316.0","0.70K","0.85%"
"04/02/2025","82,493.0","85,197.0","88,461.0","82,335.0","0.64K","-3.17%"
"04/01/2025","85,197.0","82,673.0","85,535.0","82,571.0","0.47K","3.05%"
"03/31/2025","82,673.0","82,552.0","83,989.0","81,442.0","0.77K","0.15%"
"03/30/2025","82,553.0","82,866.0","83,697.0","81,754.0","0.77K","-0.37%"
"03/29/2025","82,861.0","84,573.0","84,779.0","81,861.0","0.54K","-2.02%"
"03/28/2025","84,573.0","87,317.0","87,578.0","83,773.0","1.23K","-3.14%"
"03/27/2025","87,317.0","87,094.0","87,934.0","85,919.0","0.20K","0.26%"
"03/26/2025","87,089.0","87,611.0","88,400.0","86,057.0","0.80K","-0.63%"
"03/25/2025","87,641.0","87,603.0","88,651.0","86,453.0","0.55K","0.03%"
"03/24/2025","87,614.0","86,267.0","88,860.0","85,714.0","0.34K","1.58%"
"03/23/2025","86,251.0","83,919.0","86,288.0","83,919.0","0.18K","2.78%"
"03/22/2025","83,919.0","84,144.0","84,594.0","83,791.0","0.09K","-0.27%"
"03/21/2025","84,144.0","84,296.0","84,932.0","83,311.0","0.31K","-0.18%"
"03/20/2025","84,296.0","87,048.0","87,621.0","83,783.0","0.41K","-3.14%"
"03/19/2025","87,029.0","82,933.0","87,182.0","82,774.0","0.67K","4.93%"
"03/18/2025","82,942.0","84,240.0","84,240.0","81,366.0","1.24K","-1.54%"
"03/17/2025","84,240.0","82,759.0","84,905.0","82,746.0","0.59K","1.79%"
"03/16/2025","82,759.0","84,536.0","85,179.0","82,191.0","0.33K","-2.10%"
"03/15/2025","84,536.0","84,207.0","84,911.0","83,832.0","0.34K","0.39%"
"03/14/2025","84,207.0","81,289.0","85,473.0","81,024.0","1.16K","3.59%"
"03/13/2025","81,289.0","83,856.0","84,490.0","80,101.0","0.44K","-3.06%"
"03/12/2025","83,856.0","83,163.0","84,600.0","80,881.0","1.11K","0.86%"
"03/11/2025","83,142.0","78,807.0","83,808.0","77,041.0","1.82K","5.60%"
"03/10/2025","78,734.0","80,893.0","84,045.0","77,793.0","2.39K","-2.67%"
"03/09/2025","80,893.0","86,494.0","86,823.0","80,259.0","1.59K","-6.47%"
"03/08/2025","86,493.0","87,042.0","87,140.0","85,495.0","0.87K","-0.60%"
"03/07/2025","87,014.0","90,120.0","91,379.0","85,141.0","1.43K","-3.45%"
"03/06/2025","90,120.0","90,848.0","92,997.0","88,071.0","0.58K","-0.80%"
"03/05/2025","90,848.0","87,470.0","91,190.0","86,632.0","0.97K","3.86%"
"03/04/2025","87,472.0","86,478.0","89,168.0","81,740.0","2.30K","1.15%"
"03/03/2025","86,475.0","94,488.0","94,620.0","85,428.0","1.72K","-8.48%"
"03/02/2025","94,487.0","86,397.0","95,283.0","85,368.0","2.33K","9.38%"
"03/01/2025","86,382.0","84,641.0","86,818.0","84,116.0","1.55K","2.02%"